Timestamp,Gaze,Focus,Smile,Head
2026-01-18 23:07:28.387308,"Looking Right, Looking Down",Looking Away,Smiling,Static
2026-01-18 23:07:28.697869,"Looking Right, Looking Down",Looking Away,Neutral,Static
2026-01-18 23:07:28.932353,"Looking Right, Looking Down",Looking Away,Smiling,Static
2026-01-18 23:07:29.165640,"Looking Right, Looking Down",Looking Away,Neutral,Static
2026-01-18 23:07:29.415924,"Looking Right, Looking Down",Looking Away,Neutral,Static
2026-01-18 23:07:29.650174,"Looking Right, Looking Down",Looking Away,Neutral,Static
2026-01-18 23:07:29.900989,"Looking Right, Looking Down",Looking Away,Neutral,Head Down / No
2026-01-18 23:07:30.150785,"Looking Right, Looking Down",Looking Away,Neutral,Head Down / No
2026-01-18 23:07:30.383825,"Looking Right, Looking Down",Looking Away,Neutral,Static
2026-01-18 23:07:30.633027,"Looking Right, Looking Down",Looking Away,Neutral,Head Up / Yes
2026-01-18 23:07:30.866460,"Looking Right, Looking Down",Looking Away,Neutral,Head Up / Yes
2026-01-18 23:07:31.113125,"Looking Right, Looking Down",Looking Away,Smiling,Head Up / Yes
2026-01-18 23:07:31.348243,"Looking Right, Looking Down",Looking Away,Neutral,Static
2026-01-18 23:07:31.595727,"Looking Right, Looking Down",Looking Away,Smiling,Static
2026-01-18 23:07:31.828107,"Looking Right, Looking Down",Looking Away,Neutral,Head Down / No
2026-01-18 23:07:32.060723,"Looking Right, Looking Down",Looking Away,Neutral,Static
2026-01-18 23:07:32.311057,"Looking Right, Looking Down",Looking Away,Neutral,Static
2026-01-18 23:07:32.544582,"Looking Right, Looking Down",Looking Away,Smiling,Head Up / Yes
2026-01-18 23:07:32.567743,N/A,N/A,N/A,N/A
2026-01-18 23:07:32.827060,"Looking Right, Looking Down",Looking Away,Smiling,Static
2026-01-18 23:07:33.061035,"Looking Right, Looking Down",Looking Away,Neutral,Head Down / No
2026-01-18 23:07:33.297199,"Looking Right, Looking Down",Looking Away,Smiling,Head Up / Yes
2026-01-18 23:07:33.531469,"Looking Right, Looking Down",Looking Away,Neutral,Static
2026-01-18 23:07:33.765453,"Looking Right, Looking Down",Looking Away,Neutral,Static
2026-01-18 23:07:34.001056,"Looking Right, Looking Down",Looking Away,Smiling,Static
2026-01-18 23:07:34.233398,"Looking Right, Looking Down",Looking Away,Neutral,Static
2026-01-18 23:07:34.467179,"Looking Right, Looking Down",Looking Away,Smiling,Static
2026-01-18 23:07:34.719667,"Looking Right, Looking Down",Looking Away,Neutral,Static
2026-01-18 23:07:34.955167,"Looking Right, Looking Down",Looking Away,Neutral,Static
2026-01-18 23:07:35.191090,"Looking Right, Looking Down",Looking Away,Smiling,Static
2026-01-18 23:07:35.426455,"Looking Right, Looking Down",Looking Away,Neutral,Static
2026-01-18 23:07:35.659809,"Looking Right, Looking Down",Looking Away,Smiling,Static
2026-01-18 23:07:35.896297,"Looking Right, Looking Down",Looking Away,Smiling,Static
2026-01-18 23:07:36.131643,"Looking Right, Looking Down",Looking Away,Smiling,Static
2026-01-18 23:07:36.364932,"Looking Right, Looking Down",Looking Away,Smiling,Static
2026-01-18 23:07:36.597337,"Looking Right, Looking Down",Looking Away,Smiling,Static
2026-01-18 23:07:36.831072,"Looking Right, Looking Down",Looking Away,Smiling,Static
2026-01-18 23:07:37.065058,"Looking Right, Looking Down",Looking Away,Smiling,Static
2026-01-18 23:07:37.298443,"Looking Right, Looking Down",Looking Away,Neutral,Static
2026-01-18 23:07:37.534362,"Looking Right, Looking Down",Looking Away,Neutral,Head Down / No
2026-01-18 23:07:37.767630,"Looking Right, Looking Down",Looking Away,Neutral,Static
2026-01-18 23:07:38.002142,"Looking Right, Looking Down",Looking Away,Smiling,Head Down / No
2026-01-18 23:07:38.235104,"Looking Right, Looking Down",Looking Away,Neutral,Head Down / No
2026-01-18 23:07:38.468667,"Looking Right, Looking Down",Looking Away,Smiling,Head Up / Yes
2026-01-18 23:07:38.703003,"Looking Right, Looking Down",Looking Away,Neutral,Head Up / Yes
2026-01-18 23:07:38.934342,"Looking Right, Looking Down",Looking Away,Neutral,Head Up / Yes
2026-01-18 23:07:39.165336,"Looking Right, Looking Down",Looking Away,Smiling,Static
2026-01-18 23:07:39.400365,"Looking Right, Looking Down",Looking Away,Neutral,Static
2026-01-18 23:07:39.649190,"Looking Right, Looking Down",Looking Away,Smiling,Static
2026-01-18 23:07:39.882496,"Looking Right, Looking Down",Looking Away,Smiling,Static
2026-01-18 23:07:40.116553,"Looking Right, Looking Down",Looking Away,Neutral,Static
2026-01-18 23:07:40.350722,"Looking Right, Looking Down",Looking Away,Neutral,Static
2026-01-18 23:07:40.583481,"Looking Right, Looking Down",Looking Away,Smiling,Static
2026-01-18 23:07:40.817544,"Looking Right, Looking Down",Looking Away,Smiling,Static
2026-01-18 23:07:41.052613,"Looking Right, Looking Down",Looking Away,Neutral,Static
2026-01-18 23:07:41.272495,"Looking Right, Looking Down",Looking Away,Smiling,Static
2026-01-18 23:07:41.504622,"Looking Right, Looking Down",Looking Away,Neutral,Static
2026-01-18 23:07:41.739186,"Looking Right, Looking Down",Looking Away,Neutral,Static
2026-01-18 23:07:41.974115,"Looking Right, Looking Down",Looking Away,Neutral,Static
2026-01-18 23:07:42.207875,"Looking Right, Looking Down",Looking Away,Smiling,Static
2026-01-18 23:07:42.442892,"Looking Right, Looking Down",Looking Away,Neutral,Static
2026-01-18 23:07:42.661992,"Looking Right, Looking Down",Looking Away,Neutral,Static
2026-01-18 23:07:42.895761,"Looking Right, Looking Down",Looking Away,Neutral,Static
2026-01-18 23:07:43.131176,"Looking Right, Looking Down",Looking Away,Neutral,Static
2026-01-18 23:07:43.363698,"Looking Right, Looking Down",Looking Away,Neutral,Static
2026-01-18 23:07:43.597398,"Looking Right, Looking Down",Looking Away,Neutral,Static
2026-01-18 23:07:43.830591,"Looking Right, Looking Down",Looking Away,Neutral,Static
2026-01-18 23:07:44.066290,"Looking Right, Looking Down",Looking Away,Neutral,Static
2026-01-18 23:07:44.285991,"Looking Right, Looking Down",Looking Away,Neutral,Static
2026-01-18 23:07:44.519683,"Looking Right, Looking Down",Looking Away,Neutral,Static
2026-01-18 23:07:44.755200,"Looking Right, Looking Down",Looking Away,Neutral,Static
2026-01-18 23:07:44.987917,"Looking Right, Looking Down",Looking Away,Smiling,Static
2026-01-18 23:07:45.224609,"Looking Right, Looking Down",Looking Away,Neutral,Static
2026-01-18 23:07:45.454935,"Looking Right, Looking Down",Looking Away,Neutral,Static
2026-01-18 23:07:45.689364,"Looking Right, Looking Down",Looking Away,Neutral,Static
2026-01-18 23:07:45.923601,"Looking Right, Looking Down",Looking Away,Neutral,Static
2026-01-18 23:07:46.143883,"Looking Right, Looking Down",Looking Away,Neutral,Static
2026-01-18 23:07:46.376410,"Looking Right, Looking Down",Looking Away,Neutral,Static
2026-01-18 23:07:46.596995,"Looking Right, Looking Down",Looking Away,Neutral,Static
2026-01-18 23:07:46.830660,"Looking Right, Looking Down",Looking Away,Neutral,Static
2026-01-18 23:07:47.049640,"Looking Right, Looking Down",Looking Away,Neutral,Static
2026-01-18 23:07:47.283162,"Looking Right, Looking Down",Looking Away,Neutral,Static
2026-01-18 23:07:47.514804,"Looking Right, Looking Down",Looking Away,Neutral,Static
2026-01-18 23:07:47.748788,"Looking Right, Looking Down",Looking Away,Neutral,Static
2026-01-18 23:07:47.980677,"Looking Right, Looking Down",Looking Away,Neutral,Static
2026-01-18 23:07:48.200340,"Looking Right, Looking Down",Looking Away,Neutral,Static
2026-01-18 23:07:48.433957,"Looking Right, Looking Down",Looking Away,Neutral,Static
2026-01-18 23:07:48.653117,"Looking Right, Looking Down",Looking Away,Neutral,Static
2026-01-18 23:07:48.873644,"Looking Right, Looking Down",Looking Away,Neutral,Static
2026-01-18 23:07:49.106940,"Looking Right, Looking Down",Looking Away,Neutral,Static
2026-01-18 23:07:49.341353,"Looking Right, Looking Down",Looking Away,Neutral,Static
2026-01-18 23:07:49.576045,"Looking Right, Looking Down",Looking Away,Neutral,Static
2026-01-18 23:07:49.808963,"Looking Right, Looking Down",Looking Away,Neutral,Static
2026-01-18 23:07:50.043713,"Looking Right, Looking Down",Looking Away,Neutral,Static
2026-01-18 23:07:50.278865,"Looking Right, Looking Down",Looking Away,Neutral,Static
2026-01-18 23:07:50.512167,"Looking Right, Looking Down",Looking Away,Neutral,Static
2026-01-18 23:07:50.762066,"Looking Right, Looking Down",Looking Away,Neutral,Static
2026-01-18 23:07:51.057319,"Looking Right, Looking Down",Looking Away,Neutral,Static
2026-01-18 23:07:51.338778,"Looking Right, Looking Down",Looking Away,Neutral,Static
